,Sub_ID,Stim,BlockType,Alpha,Theta,neg_ll,BIC
0,pada94,56,nonsocial,0.8291000865559572,1.0,8.051114699954942,21.072042699485884
1,pada94,76,nonsocial,0.010560345594696981,50.0,6.150832378739099,17.2714780570542
2,pada94,46,nonsocial,0.8755434000144613,50.0,2.4115109364447793,9.792835172465558
3,pada94,16,nonsocial,0.02965268077261739,50.0,5.157526927355821,15.284867154287642
4,pada94,23,social,0.19990068001622302,50.0,0.8062737561183796,6.58236081181276
5,pada94,93,social,0.12152243582026459,50.0,1.8786658057510652,8.727144911078131
6,pada94,13,social,0.029865570878208764,50.0,5.1626992736181645,15.295211846812329
7,pada94,71,social,0.5829653060537126,3.7502721822349407,6.67016949900985,18.3101522975957
8,lira02,30,nonsocial,0.003292912112645648,50.0,7.917196103867049,20.804205507310098
9,lira02,56,nonsocial,0.011635693714963218,50.0,6.885119060349401,18.740051420274803
10,lira02,74,nonsocial,0.01183275324066694,50.0,6.722530777018627,18.414874853613256
11,lira02,78,nonsocial,1.0,25.02309071320408,0.6931508645639208,6.356115028703842
12,lira02,59,social,0.9278667550907072,50.0,4.028839938878702,13.027493177333405
13,lira02,71,social,0.6984650952385174,50.0,1.422710691107361,7.815234681790723
14,lira02,53,social,0.0,1.0,8.317766166719343,21.605345633014686
15,lira02,19,social,1.0,1.5990321106148115,6.321747585727682,17.613308471031363
16,beka93,10,social,0.04337758855545038,50.0,5.121121951644916,15.212057202865832
17,beka93,38,social,0.16935708072156355,11.783239448883512,4.575615834882878,14.121044969341757
18,beka93,20,social,0.11417167340834723,50.0,2.410168057399125,9.790149414374252
19,beka93,76,social,0.1845072967223865,7.850601390638612,4.5435449710754545,14.05690324172691
20,beka93,89,nonsocial,0.3900100236361887,50.0,2.0721789029941484,9.114171105564298
21,beka93,65,nonsocial,0.006925176365294289,50.0,7.501038001847902,19.971889303271805
22,beka93,21,nonsocial,0.31203645109744804,50.0,0.693850494475958,6.357514288527916
23,beka93,91,nonsocial,0.7829110680920338,2.801408419276642,6.2105998072600626,17.391012914096127
24,mada01,20,social,0.050643144726283625,50.0,3.362202262459665,11.69421782449533
25,mada01,14,social,0.004513446444516069,50.0,7.88123937204929,20.73229204367458
26,mada01,52,social,0.007893911571384358,50.0,6.636404409414643,18.242622118405286
27,mada01,38,social,1.0,27.810908001550693,0.6931572343669876,6.356127768309976
28,mada01,27,nonsocial,0.5427547172472466,2.91404797016925,6.568232991177909,18.10627928193182
29,mada01,53,nonsocial,1.0,1.7944227709206106,6.524743251154589,18.01929980188518
30,mada01,95,nonsocial,1.0,27.810908001550693,0.6931572343669876,6.356127768309976
31,mada01,99,nonsocial,0.15441455243309513,50.0,0.735141076008768,6.440095451593537
32,chga99,34,nonsocial,0.010817487756774947,50.0,7.55489120193383,20.079595703443662
33,chga99,68,nonsocial,0.024023059350702595,50.0,3.800247185097087,12.570307669770175
34,chga99,64,nonsocial,0.0054298257763965236,50.0,7.987570818086834,20.944954935749667
35,chga99,74,nonsocial,1.0,1.2196731571443262,7.02290472053335,19.0156227406427
36,chga99,33,social,0.009777319013465211,50.0,6.462545116210917,17.894903531997834
37,chga99,51,social,0.5425261723852791,3.060980267576485,4.519996877354369,14.009807054284739
38,chga99,75,social,0.5284744546250449,4.441522774351074,5.390003486221877,15.749820272019754
39,chga99,73,social,0.025984694487843244,50.0,2.9467182428593066,10.863249785294613
40,hase90,38,nonsocial,1.0,1.9608863739694433,5.973735223491598,16.917283746559196
41,hase90,92,nonsocial,0.22512961754787797,1.1391119031699153,8.054207380932235,21.07822806144047
42,hase90,62,nonsocial,0.009683712537365613,50.0,7.083512633562207,19.136838566700415
43,hase90,98,nonsocial,0.01719733637696596,50.0,7.70370649552266,20.37722629062132
44,hase90,59,social,0.0,1.0,8.317766166719343,21.605345633014686
45,hase90,29,social,1.0,1.0,7.980198308751054,20.93020991707811
46,hase90,15,social,0.0,1.0,8.317766166719343,21.605345633014686
47,hase90,99,social,0.0,1.0,8.317766166719343,21.605345633014686
48,mike91,82,nonsocial,0.005445958456970367,50.0,8.118365340374547,21.206543980325094
49,mike91,92,nonsocial,1.0,1.0,7.679726532964002,20.329266365504004
50,mike91,66,nonsocial,0.1861799062316601,7.635144085587694,4.49119761895106,13.952208537478121
51,mike91,12,nonsocial,1.0,27.112528925015894,2.0794493173959983,9.128711934367997
52,mike91,59,social,0.007086330498792526,14.536176761527372,8.191385385573476,21.35258407072295
53,mike91,17,social,0.6752779089797373,50.0,0.6936059050658806,6.357025109707762
54,mike91,11,social,0.013736852058227464,50.0,5.954812285774067,16.879437871124136
55,mike91,65,social,0.17875714511580007,1.7511673835531216,7.573352434663308,20.116518168902616
56,nona99,14,nonsocial,1.0,50.0,4.158883083373559,13.28757946632312
57,nona99,36,nonsocial,0.00330414211409712,50.0,7.9157284273981645,20.80127015437233
58,nona99,64,nonsocial,1.0,1.1523059287657516,7.6303104654735465,20.230434230523095
59,nona99,90,nonsocial,0.006222461085624734,50.0,7.293443081662081,19.556699462900163
60,nona99,87,social,0.029713524460721005,50.0,3.157911221514478,11.285635742604956
61,nona99,17,social,0.4924383706357955,1.0097854712441345,7.830417862531075,20.63064902463815
62,nona99,53,social,0.0072798543865779585,50.0,7.220114779885,19.410042859346
63,nona99,73,social,1.0,1.163967652557829,6.93653804316737,18.84288938591074
64,ango96,54,social,0.3470114057369351,5.4833133418379205,4.941499886297991,14.852813072171983
65,ango96,16,social,1.0,1.960886368425353,5.973735223491597,16.917283746559196
66,ango96,22,social,0.04221014167198363,50.0,3.2229244032950075,11.415662106166016
67,ango96,38,social,0.006198855441320339,50.0,7.58588315268046,20.141579604936922
68,ango96,45,nonsocial,1.0,1.0,8.100312815709332,21.170438930994663
69,ango96,87,nonsocial,0.0037462542016220065,50.0,8.224957016647975,21.41972733287195
70,ango96,85,nonsocial,0.0,1.0,8.317766166719343,21.605345633014686
71,ango96,29,nonsocial,0.02028518036071133,50.0,4.788792718706369,14.54739873698874
72,supu93,64,nonsocial,0.25520341401209273,2.431518983397959,7.043597894450476,19.057009088476953
73,supu93,50,nonsocial,1.0,25.02309071320408,0.6931508645639208,6.356115028703842
74,supu93,86,nonsocial,0.9834697447649285,50.0,1.979126747130331,8.928066793836663
75,supu93,98,nonsocial,0.31203646321769896,50.0,0.6938504944759583,6.357514288527917
76,supu93,47,social,0.0086989446604037,50.0,7.042768527595772,19.055350354767544
77,supu93,61,social,0.01098277250835648,50.0,5.7097450071457025,16.389303313867405
78,supu93,57,social,0.004425999085139282,50.0,7.630748944069391,20.231311187714784
79,supu93,43,social,0.0013926836465411236,50.0,8.265796003800961,21.501405307177922
80,sisp99,88,social,0.7993835388102369,3.3658717382655152,5.576377610218872,16.122568520013743
81,sisp99,78,social,0.2820307254011317,4.923227318277399,5.459563092014182,15.888939483604364
82,sisp99,16,social,0.0,1.0,8.317766166719343,21.605345633014686
83,sisp99,94,social,0.0,1.0,8.317766166719343,21.605345633014686
84,sisp99,47,nonsocial,0.16698864811142847,1.0,8.31253740799633,21.59488811556866
85,sisp99,71,nonsocial,1.0,1.219673185036081,7.022904720533349,19.015622740642698
86,sisp99,89,nonsocial,0.6767899681927625,1.933348726927466,7.071723136951105,19.11325957347821
87,sisp99,63,nonsocial,0.14508029144379025,1.7008679161737892,7.96384802731024,20.89750935419648
88,caka98,54,nonsocial,0.01724291475898256,50.0,5.664388509828021,16.298590319232044
89,caka98,48,nonsocial,0.010823364998188112,50.0,6.726234504514326,18.422282308604654
90,caka98,58,nonsocial,0.0,1.0,8.317766166719343,21.605345633014686
91,caka98,34,nonsocial,0.17053083068427927,8.154525497207693,7.816589242219544,20.60299178401509
92,caka98,13,social,0.5425261723852791,3.060980267576485,4.519996877354369,14.009807054284739
93,caka98,73,social,0.021655624681039896,50.0,3.562466517880129,12.094746335336259
94,caka98,43,social,0.19990068001622302,50.0,0.8062737561183796,6.58236081181276
95,caka98,89,social,0.570244150348399,3.0452827201278088,4.585573807535567,14.140960914647135
96,papa97,92,nonsocial,1.0,1.0,8.280670084538105,21.53115346865221
97,papa97,96,nonsocial,0.7722110208405879,1.0,8.032485940678713,21.034785180933426
98,papa97,28,nonsocial,0.01815287508929727,50.0,5.168795598600051,15.307404496776101
99,papa97,76,nonsocial,1.0,1.0,8.059612026005723,21.089037351587447
100,papa97,99,social,1.0,1.0,7.720427322667609,20.410667944911218
101,papa97,39,social,1.0,1.1366898279753659,7.3690668198897304,19.707946939355462
102,papa97,91,social,0.7070253288696239,1.2232358109724772,7.081626466218578,19.133066232013157
103,papa97,17,social,0.0,1.0,8.317766166719343,21.605345633014686
104,kaho97,14,social,0.3703396891338088,2.6866765777269612,6.493839447638541,17.95749219485308
105,kaho97,22,social,1.0,1.0,7.60031281570933,20.17043893099466
106,kaho97,88,social,0.19991039640006433,50.0,0.8062597495924586,6.582332798760918
107,kaho97,86,social,0.008658107279523168,50.0,7.044418669040997,19.058650637657994
108,kaho97,31,nonsocial,1.0,27.877427474869055,0.6931569054798286,6.356127110535658
109,kaho97,77,nonsocial,0.03776218074021053,50.0,2.233411856410639,9.436637012397279
110,kaho97,53,nonsocial,0.6252579760892957,1.541178747400191,7.4741507506643865,19.918114800904775
111,kaho97,85,nonsocial,0.9595706378658697,50.0,3.085759014182434,11.141331327940868
112,hese83,40,nonsocial,0.008584921310820984,50.0,6.957278322978993,18.884369945533987
113,hese83,60,nonsocial,0.0012713434522710375,50.0,8.254564550614516,21.478942400805032
114,hese83,46,nonsocial,0.013258987594575498,50.0,7.256657290999795,19.48312788157559
115,hese83,68,nonsocial,1.0,25.0,1.3862980878911095,7.74240947535822
116,hese83,59,social,0.9810029885639644,1.0,7.679685136189866,20.32918357195573
117,hese83,81,social,0.0,1.0,8.317766166719343,21.605345633014686
118,hese83,27,social,0.041804524585346975,6.016425810019296,7.855555148934256,20.68092359744451
119,hese83,91,social,0.0,1.0,8.317766166719343,21.605345633014686
120,tost94,58,social,0.49806727242992943,2.818334968095409,5.972274731083317,16.914362761742634
121,tost94,94,social,1.0,1.7286283068323767,6.177957825597893,17.325728950771786
122,tost94,30,social,0.06546201878503338,11.11771791509741,5.114053201930903,15.197919703437808
123,tost94,14,social,1.0,1.1895290472484743,7.891030055882667,20.751873411341336
124,tost94,95,nonsocial,0.21600948726564237,50.0,0.7006317845661632,6.371076868708327
125,tost94,51,nonsocial,1.0,1.0,8.220427322667609,21.410667944911218
126,tost94,45,nonsocial,0.8602194034315285,1.9198458635284148,6.7281074804497845,18.42602826047557
127,tost94,19,nonsocial,1.0,1.0,8.29984103992228,21.56949537942056
128,beka95,20,social,0.0,1.0,8.317766166719343,21.605345633014686
129,beka95,22,social,0.0,1.0,8.317766166719343,21.605345633014686
130,beka95,82,social,0.0,1.0,8.317766166719343,21.605345633014686
131,beka95,92,social,0.0,1.0,8.317766166719343,21.605345633014686
132,beka95,89,nonsocial,0.2243432915136254,3.9936979530302836,7.0056736970894775,18.981160693754955
133,beka95,53,nonsocial,0.12152243559329504,50.0,1.8786658057510661,8.727144911078133
134,beka95,73,nonsocial,0.724261945957425,1.5644835583368966,6.523841072934841,18.017495445445682
135,beka95,21,nonsocial,0.2723948241245985,50.0,0.6961369707768289,6.362087241129658
136,piob00,40,nonsocial,0.1377587040105685,50.0,1.2046883098910048,7.37918991935801
137,piob00,28,nonsocial,0.6509371924538158,50.0,0.6937991494667863,6.357411598509573
138,piob00,18,nonsocial,0.02573984229982574,50.0,3.8672087272142126,12.704230754004426
139,piob00,26,nonsocial,0.03822706877895378,50.0,4.860805305624691,14.691423910825382
140,piob00,63,social,0.04414636354923291,50.0,4.4176200941499655,13.80505348787593
141,piob00,25,social,0.4950549653905012,50.0,1.3867260298329354,7.743265359241871
142,piob00,71,social,0.03586322556045271,50.0,2.2108109707975183,9.391435241171038
143,piob00,77,social,0.2723948241245985,50.0,0.6961369707768289,6.362087241129658
144,matr95,40,nonsocial,0.004685654424933444,50.0,7.8663728575523635,20.702559014680727
145,matr95,46,nonsocial,1.0,1.797620368244189,6.712929688596962,18.395672676769923
146,matr95,60,nonsocial,0.0,1.0,8.317766166719343,21.605345633014686
147,matr95,96,nonsocial,0.3799961439212143,1.6581363068022494,7.6354206260006965,20.240654551577393
148,matr95,43,social,0.0,1.0,8.317766166719343,21.605345633014686
149,matr95,73,social,0.398944743005318,4.1411864596574635,7.172287715229384,19.314388730034768
150,matr95,91,social,0.0,1.0,8.317766166719343,21.605345633014686
151,matr95,75,social,0.0,1.0,8.317766166719343,21.605345633014686
152,male99,48,nonsocial,1.0,1.2766312645071003,7.112226568991828,19.194266437559655
153,male99,44,nonsocial,0.0,1.0,8.317766166719343,21.605345633014686
154,male99,70,nonsocial,0.0,1.0,8.317766166719343,21.605345633014686
155,male99,50,nonsocial,0.0,1.0,8.317766166719343,21.605345633014686
156,male99,89,social,0.0,1.0,8.317766166719343,21.605345633014686
157,male99,97,social,0.8742228928801934,1.6958912754586024,7.055005865537733,19.079825030651467
158,male99,45,social,0.0,1.0,8.317766166719343,21.605345633014686
159,male99,73,social,0.0,1.0,8.317766166719343,21.605345633014686
160,copr92,42,social,0.0,1.0,8.317766166719343,21.605345633014686
161,copr92,84,social,0.0,1.0,8.317766166719343,21.605345633014686
162,copr92,32,social,0.11571806659474987,1.0,8.19969974900674,21.36921279758948
163,copr92,30,social,1.0,26.076821007925307,5.54518614509121,16.060185589758422
164,copr92,95,nonsocial,0.006270922445787509,50.0,7.571812639067533,20.113438577711065
165,copr92,35,nonsocial,0.0,1.0,8.317766166719343,21.605345633014686
166,copr92,85,nonsocial,0.0,1.0,8.317766166719343,21.605345633014686
167,copr92,23,nonsocial,0.0,1.0,8.317766166719343,21.605345633014686
168,hezi87,20,social,0.08300288270332166,5.55314354206759,7.944881355468235,20.85957601051247
169,hezi87,24,social,0.1707820773937912,2.904569726737378,7.462711379157544,19.89523605789109
170,hezi87,46,social,0.0,1.0,8.317766166719343,21.605345633014686
171,hezi87,44,social,0.9478564378870284,1.0,8.31585629840094,21.60152589637788
172,hezi87,21,nonsocial,0.0,1.0,8.317766166719343,21.605345633014686
173,hezi87,67,nonsocial,0.10263438265166527,1.0,8.23344686987044,21.43670703931688
174,hezi87,85,nonsocial,0.0,1.0,8.317766166719343,21.605345633014686
175,hezi87,19,nonsocial,1.0,1.8064141203979915,7.089272520817457,19.148358341210916
176,vima01,10,social,0.42306420966349445,2.853835978085984,5.02273884819046,15.01529099595692
177,vima01,94,social,0.018537756197480906,50.0,5.39006449631348,15.74994229220296
178,vima01,50,social,0.5926377118426552,2.9591315737287367,4.559113915914714,14.08804113140543
179,vima01,92,social,0.03134385809656538,50.0,3.5725035192769297,12.11482033812986
180,vima01,41,nonsocial,0.04232789793123962,50.0,3.2203111882940414,11.410435676164084
181,vima01,47,nonsocial,0.03179410595961322,50.0,3.572838940916269,12.115491181408538
182,vima01,55,nonsocial,0.19991039640006433,50.0,0.8062597495924586,6.582332798760918
183,vima01,13,nonsocial,0.31203645109744804,50.0,0.693850494475958,6.357514288527916
184,anfi01,48,social,0.19991039941885153,50.0,0.8062597495924583,6.582332798760917
185,anfi01,58,social,0.24189304606337303,50.0,0.7051439644672938,6.380101228510588
186,anfi01,34,social,1.0,25.023068976757813,0.6931508646039614,6.356115028783924
187,anfi01,14,social,0.43591979017911386,50.0,0.6933163998802031,6.356446099336407
188,anfi01,43,nonsocial,0.004806126773731039,50.0,7.794326319225802,20.558465938027606
189,anfi01,59,nonsocial,0.012854359339824921,50.0,5.093604808874002,15.157022917324003
190,anfi01,57,nonsocial,0.011220879837843842,50.0,5.818298332108808,16.606409963793617
191,anfi01,11,nonsocial,0.02310610247812665,50.0,7.528563267054783,20.026939833685567
192,leas96,32,social,0.008936359348479797,50.0,7.783003799342133,20.535820898260265
193,leas96,86,social,0.7425113152582583,1.1118412845115142,7.414374952332727,19.798563204241454
194,leas96,76,social,0.009892755402069579,50.0,7.294570677605417,19.558954654786834
195,leas96,84,social,0.0021853378738194043,50.0,8.263466762973986,21.49674682552397
196,leas96,65,nonsocial,0.0,1.0,8.317766166719343,21.605345633014686
197,leas96,19,nonsocial,0.2806303884396122,2.8825944276060724,6.750976169183043,18.471765637942088
198,leas96,39,nonsocial,0.0,1.0,8.317766166719343,21.605345633014686
199,leas96,55,nonsocial,0.6757159681049603,50.0,0.6936028698602396,6.35701903929648
200,leal92,28,nonsocial,0.0077113757587471505,50.0,7.162003706098514,19.29382071177303
201,leal92,34,nonsocial,1.0,2.90784852872238,4.96539985006488,14.90061299970576
202,leal92,84,nonsocial,0.5057642783358466,50.0,1.388310232412826,7.746433764401653
203,leal92,16,nonsocial,0.11215657985441212,50.0,1.6989092659216842,8.36763183141937
204,leal92,65,social,0.0,1.0,8.317766166719343,21.605345633014686
205,leal92,29,social,1.0,1.5990321045807254,6.321747585727682,17.613308471031363
206,leal92,41,social,0.0,1.0,8.317766166719343,21.605345633014686
207,leal92,75,social,1.0,1.2596316512602665,7.2809604338439575,19.531734167263917
208,hamo95,62,nonsocial,0.21082305407722376,3.3335274298004056,7.221999459518477,19.413812218612954
209,hamo95,16,nonsocial,0.0,1.0,8.317766166719343,21.605345633014686
210,hamo95,72,nonsocial,1.0,4.120556604433394,3.761184827334412,12.492182954244825
211,hamo95,84,nonsocial,0.2748474276739383,1.0,8.255349316285828,21.480511932147657
212,hamo95,39,social,1.0,1.0,7.679726532964001,20.329266365504004
213,hamo95,93,social,0.004169703477353595,50.0,8.215253761513363,21.400320822602726
214,hamo95,29,social,0.0060416737002733315,50.0,7.670601252920361,20.311015805416723
215,hamo95,83,social,1.0,1.4439675709290776,6.817588657003226,18.60499061358245
216,alka88,52,social,0.0,1.0,8.317766166719343,21.605345633014686
217,alka88,12,social,0.00956149923159789,50.0,6.407316383036362,17.784446065648726
218,alka88,38,social,0.4915954564668808,2.8833397240264143,6.212994273651455,17.39580184687891
219,alka88,66,social,0.030134552023543405,50.0,5.190474837483094,15.350762974542189
220,alka88,93,nonsocial,1.0,29.60061306054233,3.465736276315921,11.901285852207842
221,alka88,21,nonsocial,1.0,2.10289462754694,5.40365275305745,15.7771188056909
222,alka88,43,nonsocial,0.022902356481641552,50.0,5.530481284295423,16.030775868166845
223,alka88,59,nonsocial,0.3193074123516577,50.0,0.6936943195768017,6.357201938729604
224,elmi00,52,nonsocial,0.006087232481116249,50.0,7.804658678288194,20.57913065615239
225,elmi00,26,nonsocial,0.01182247453574228,50.0,6.316098679593119,17.60201065876224
226,elmi00,54,nonsocial,0.010239618427798886,50.0,7.377494849584533,19.724802998745066
227,elmi00,82,nonsocial,0.0,1.0,8.317766166719343,21.605345633014686
228,elmi00,53,social,1.0,25.82591829763132,2.772598585798252,10.515010471172506
229,elmi00,59,social,0.0,1.0,8.317766166719343,21.605345633014686
230,elmi00,55,social,0.0,1.0,8.317766166719343,21.605345633014686
231,elmi00,51,social,0.9834811773571879,50.0,1.9791595764926968,8.928132452561394
232,maro96,92,nonsocial,1.0,1.4820004469450334,7.440254548512149,19.850322396600298
233,maro96,32,nonsocial,1.0,27.877427474869055,0.6931569054798286,6.356127110535658
234,maro96,12,nonsocial,1.0,25.214004486865022,0.6931572260909376,6.356127751757876
235,maro96,60,nonsocial,0.3695237534206106,8.292732674989097,3.4501046641561066,11.870022627888215
236,maro96,17,social,1.0,1.2196731685104734,7.022904720533348,19.015622740642698
237,maro96,19,social,1.0,1.0,7.50135712628777,19.97252755215154
238,maro96,65,social,0.7484220741540771,2.0863358223179254,6.345099545885983,17.660012391347966
239,maro96,47,social,0.46863533945610875,6.701576042300601,5.183639743906355,15.337092787388709
240,thha00,68,social,0.014089324256539866,50.0,5.770214161334188,16.510241622244376
241,thha00,66,social,0.004079943146081037,50.0,8.116906982460254,21.203627264496507
242,thha00,28,social,0.011612853045798555,50.0,5.410366417265497,15.790546134106993
243,thha00,82,social,0.007628316492171211,50.0,7.504115575989258,19.978044451554517
244,thha00,51,nonsocial,0.20981764647202572,50.0,0.7180612305763875,6.4059357607287755
245,thha00,89,nonsocial,0.5028681905471878,50.0,1.3867025243856501,7.743218348347301
246,thha00,27,nonsocial,0.3480134679876992,6.4104296103194685,4.322599141553573,13.615011582683145
247,thha00,21,nonsocial,0.0,1.0,8.317766166719343,21.605345633014686
248,mida99,96,social,0.004916028776489846,50.0,7.958125440986281,20.886064181548562
249,mida99,80,social,0.0,1.0,8.317766166719343,21.605345633014686
250,mida99,46,social,0.3756275980901206,1.0,8.034785859842987,21.039385019261974
251,mida99,72,social,0.0,1.0,8.317766166719343,21.605345633014686
252,mida99,53,nonsocial,0.2723948278723335,50.0,0.696136970776829,6.362087241129659
253,mida99,51,nonsocial,0.4983677399058998,50.0,0.6931554313986505,6.356124162373302
254,mida99,93,nonsocial,0.3193074123516577,50.0,0.6936943195768017,6.357201938729604
255,mida99,97,nonsocial,0.0,1.0,8.317766166719343,21.605345633014686
256,sasu98,70,social,0.0,1.0,8.317766166719343,21.605345633014686
257,sasu98,50,social,0.012389109991497074,50.0,6.114145461248025,17.19810422207205
258,sasu98,24,social,0.0,1.0,8.317766166719343,21.605345633014686
259,sasu98,98,social,0.0030880302283838837,50.0,8.052396957084989,21.074607213745978
260,sasu98,61,nonsocial,0.735984563355658,3.652822075667483,4.667605243818145,14.305023787212292
261,sasu98,19,nonsocial,0.8852587637191973,1.0619778754152147,7.316409830018504,19.602632959613008
262,sasu98,51,nonsocial,1.0,1.794422705690656,6.524743251154589,18.01929980188518
263,sasu98,27,nonsocial,0.2490209916007169,4.9130197403863445,5.523888591444437,16.017590482464875
264,TRED59,48,nonsocial,0.2723948241245985,50.0,0.6961369707768289,6.362087241129658
265,TRED59,12,nonsocial,0.2723948241245985,50.0,0.6961369707768289,6.362087241129658
266,TRED59,76,nonsocial,0.0542210442330513,50.0,3.5936613736304954,12.157136046836992
267,TRED59,96,nonsocial,0.021640222386556326,50.0,5.71155101798707,16.39291533555014
268,TRED59,85,social,0.006080201509135879,50.0,7.522589238927607,20.014991777431213
269,TRED59,77,social,1.0,25.0,5.545181171167454,16.06017564191091
270,TRED59,17,social,1.0,3.7990312778676616,3.540088682593926,12.049990664763854
271,TRED59,73,social,0.04349779835285779,50.0,2.3684654127471423,9.706744125070285
272,juzi87,62,nonsocial,0.0026077000850953575,50.0,8.06163750157087,21.09308830271774
273,juzi87,10,nonsocial,1.0,1.868632476056828,5.826184899855815,16.622183099287632
274,juzi87,24,nonsocial,0.011166462596696484,50.0,5.82635749049613,16.62252828056826
275,juzi87,20,nonsocial,0.0,1.0,8.317766166719343,21.605345633014686
276,juzi87,53,social,1.0,1.4901113195686864,6.094075072236859,17.15796344404972
277,juzi87,89,social,0.006963683739171283,50.0,7.899862298809196,20.769537897194393
278,juzi87,55,social,0.0,1.0,8.317766166719343,21.605345633014686
279,juzi87,25,social,0.0,1.0,8.317766166719343,21.605345633014686
280,mabe00,10,nonsocial,0.0,1.0,8.317766166719343,21.605345633014686
281,mabe00,52,nonsocial,0.7923278026980978,2.256931788710794,5.951150573687339,16.87211444695068
282,mabe00,84,nonsocial,1.0,1.0,7.720427322667607,20.410667944911214
283,mabe00,22,nonsocial,0.4164996654867807,3.1455486998977022,7.415390133194944,19.80059356596589
284,mabe00,43,social,1.0,1.960886379049684,5.973735223491598,16.917283746559196
285,mabe00,61,social,1.0,50.0,4.8520302639612805,14.67387382749856
286,mabe00,85,social,0.38552704819885303,7.527734041730515,3.917758180709099,12.805329660994198
287,mabe00,71,social,0.0008034583501308345,39.25103341936737,8.309894909613023,21.589603118802046
288,anpe97,64,nonsocial,0.0,1.0,8.317766166719343,21.605345633014686
289,anpe97,96,nonsocial,0.6484654837040457,2.1636572913427874,6.4601984753246455,17.89021025022529
290,anpe97,74,nonsocial,0.14401395623044988,50.0,0.7620741489636902,6.493961597503381
291,anpe97,98,nonsocial,1.0,1.0,7.7998410399222795,20.56949537942056
292,anpe97,31,social,0.012854359550393536,50.0,5.093604808874,15.157022917324
293,anpe97,37,social,0.4627793988955174,2.966845755309256,5.538937140214634,16.04768758000527
294,anpe97,21,social,0.5282426614265574,3.3190536852065335,6.947453785780134,18.864720871136267
295,anpe97,81,social,0.009112872951811379,50.0,7.272681716552971,19.515176732681944
296,yach03,16,nonsocial,0.016673435204346502,50.0,5.135854790563779,15.24152288070356
297,yach03,60,nonsocial,0.8230074088611142,4.0352165338134505,4.171105872048479,13.312025043672957
298,yach03,22,nonsocial,0.0,1.0,8.317766166719343,21.605345633014686
299,yach03,94,nonsocial,0.010907792655027415,50.0,6.713884347739901,18.397581995055802
300,yach03,69,social,0.0,1.0,8.317766166719343,21.605345633014686
301,yach03,99,social,0.005254708888847083,50.0,7.390272910858001,19.750359121292004
302,yach03,23,social,0.0,1.0,8.317766166719343,21.605345633014686
303,yach03,67,social,0.0,1.0,8.317766166719343,21.605345633014686
304,gefr88,74,nonsocial,0.5009444820499358,50.0,1.3882266369896046,7.74626657355521
305,gefr88,84,nonsocial,0.03586322684577014,50.0,2.2108109707975174,9.391435241171035
306,gefr88,52,nonsocial,1.0,27.877427474869055,0.6931569054798286,6.356127110535658
307,gefr88,98,nonsocial,0.8313176548421551,11.716106235511306,3.0810188740692745,11.13185104771455
308,gefr88,21,social,0.31203645109744804,50.0,0.693850494475958,6.357514288527916
309,gefr88,37,social,0.15445011990473334,10.971924891691408,5.761207829672792,16.492228958921586
310,gefr88,49,social,0.0072223654493442195,50.0,6.771810816925548,18.513434933427096
311,gefr88,65,social,1.0,3.799031267274671,3.5400886825939257,12.049990664763852
312,node99,30,social,0.8420784255835091,2.501741624974116,4.201057740626404,13.37192878082881
313,node99,34,social,0.0,1.0,8.317766166719343,21.605345633014686
314,node99,68,social,0.46265649672193915,50.0,0.6932275178710624,6.356268335318125
315,node99,84,social,0.5425261230406969,3.0609804644081926,4.519996877354373,14.009807054284746
316,node99,27,nonsocial,0.6888893041771222,3.7302358535420708,3.9468972840271372,12.863607867630275
317,node99,81,nonsocial,0.8283092124311565,1.9082332256488836,6.617201293934756,18.204215887445514
318,node99,73,nonsocial,1.0,3.620647148156173,4.878123414282284,14.726060128140567
319,node99,29,nonsocial,0.2723948278723335,50.0,0.696136970776829,6.362087241129659
320,flre91,46,social,1.0,3.799031267274671,3.5400886825939257,12.049990664763852
321,flre91,42,social,0.13504772141623583,19.308909475710742,3.9406604413054573,12.851134182186915
322,flre91,24,social,0.21600948726564237,50.0,0.7006317845661632,6.371076868708327
323,flre91,28,social,0.4702845840503371,11.765395172158838,3.7845847351653394,12.53898276990668
324,flre91,15,nonsocial,0.49933069685332876,50.0,0.6931550151218067,6.356123329819614
325,flre91,81,nonsocial,0.09091521195470174,16.3167504145038,4.039468121193053,13.048749541962106
326,flre91,23,nonsocial,1.0,27.877427474869055,0.6931569054798286,6.356127110535658
327,flre91,93,nonsocial,0.10925747764726247,50.0,1.661980855829783,8.293775011235567
328,veri93,78,social,0.0,1.0,8.317766166719343,21.605345633014686
329,veri93,20,social,0.31334912655169694,4.690652159314534,6.413186464522941,17.79618622862188
330,veri93,24,social,0.0,1.0,8.317766166719343,21.605345633014686
331,veri93,84,social,1.0,30.023018382492634,5.545178049283283,16.060169398142566
332,veri93,41,nonsocial,0.0,1.0,8.317766166719343,21.605345633014686
333,veri93,89,nonsocial,1.0,1.593262727929725,7.049470331883413,19.068753963342825
334,veri93,99,nonsocial,1.0,1.801529475050616,6.901107219772253,18.772027739120507
335,veri93,65,nonsocial,0.6882295064717459,1.8447165036772415,7.08397025498968,19.13775380955536
336,alsp92,76,social,0.0,1.0,8.317766166719343,21.605345633014686
337,alsp92,94,social,0.0,1.0,8.317766166719343,21.605345633014686
338,alsp92,26,social,0.06261242641003092,2.4776037614800845,8.14221106093147,21.25423542143894
339,alsp92,68,social,0.03674121398502184,50.0,2.221228301977278,9.412269903530557
340,alsp92,23,nonsocial,1.0,1.0,8.059612026005725,21.08903735158745
341,alsp92,37,nonsocial,1.0,1.5870570195087625,6.508856670180137,17.987526639936274
342,alsp92,71,nonsocial,0.7167782195049462,1.6659985003123086,6.74657696207148,18.462967223718962
343,alsp92,81,nonsocial,1.0,25.023068976757813,0.6931508646039614,6.356115028783924
344,dmal96,56,social,0.9589823225255676,1.0,8.1776901776763,21.3251936549286
345,dmal96,40,social,0.5780583988842991,2.460634240080248,5.117056509722671,15.203926319021342
346,dmal96,22,social,0.21600948726564237,50.0,0.7006317845661632,6.371076868708327
347,dmal96,62,social,0.18322291669633944,50.0,0.710144071616298,6.3901014428085965
348,dmal96,59,nonsocial,0.3685870006544107,7.782316895276366,3.7378755008019593,12.44556430117992
349,dmal96,23,nonsocial,0.02675268120062711,50.0,2.968169332670383,10.906151964916766
350,dmal96,81,nonsocial,0.8894235559999915,16.184832643973536,2.2183308391838414,9.406474977943684
351,dmal96,31,nonsocial,0.07448297465450149,50.0,3.337684721658651,11.645182742893303
352,ivmi00,50,nonsocial,0.0,1.0,8.317766166719343,21.605345633014686
353,ivmi00,40,nonsocial,0.005168213305561217,50.0,8.12755051195003,21.22491432347606
354,ivmi00,84,nonsocial,0.04528109108407589,50.0,4.274460586867224,13.518734473310449
355,ivmi00,30,nonsocial,0.0,1.0,8.317766166719343,21.605345633014686
356,ivmi00,95,social,0.0,1.0,8.317766166719343,21.605345633014686
357,ivmi00,69,social,0.015370981788837034,50.0,6.707786351545796,18.38538600266759
358,ivmi00,13,social,0.0,1.0,8.317766166719343,21.605345633014686
359,ivmi00,81,social,0.0,1.0,8.317766166719343,21.605345633014686
360,mira97,90,nonsocial,0.03614507821962429,50.0,2.2100493543111344,9.38991200819827
361,mira97,60,nonsocial,0.3165219463197233,50.0,0.6937499431582551,6.357313185892511
362,mira97,36,nonsocial,0.022662507971520085,50.0,5.803094035513195,16.57600137060239
363,mira97,10,nonsocial,0.022629684344287714,50.0,5.799491445529502,16.568796190635005
364,mira97,73,social,0.6382687295153332,4.509147552351097,4.608052110146995,14.185917519869992
365,mira97,87,social,0.43380148458265055,50.0,0.6932075507706047,6.35622840111721
366,mira97,37,social,0.6001442992700767,3.6041183534745307,5.016709515741053,15.003232331058108
367,mira97,21,social,0.24353375208125913,50.0,0.6971515250770673,6.364116349730136
368,nito82,66,social,0.005743921472300292,50.0,7.247457757110205,19.46472881379641
369,nito82,14,social,0.0,1.0,8.317766166719343,21.605345633014686
370,nito82,60,social,0.0,1.0,8.317766166719343,21.605345633014686
371,nito82,68,social,1.0,1.3390036889941597,7.535572291145685,20.04095788186737
372,nito82,59,nonsocial,1.0,1.0,7.8600838017927765,20.689980903161555
373,nito82,35,nonsocial,0.0,1.0,8.317766166719343,21.605345633014686
374,nito82,51,nonsocial,0.0,1.0,8.317766166719343,21.605345633014686
375,nito82,99,nonsocial,0.0,1.0,8.317766166719343,21.605345633014686
376,fake01,92,nonsocial,0.0,1.0,8.317766166719343,21.605345633014686
377,fake01,62,nonsocial,0.0013159981420676273,50.0,8.284994381883067,21.539802063342133
378,fake01,58,nonsocial,0.2579273888578797,39.05079472079008,2.787270054664671,10.544353408905343
379,fake01,26,nonsocial,0.4626575389218484,50.0,0.6932275178710636,6.356268335318128
380,fake01,27,social,0.0,1.0,8.317766166719343,21.605345633014686
381,fake01,57,social,1.0,2.3413510569371216,6.8385426253775625,18.646898550331127
382,fake01,11,social,0.2735113115167427,5.620038610258484,5.251541177931404,15.472895655438808
383,fake01,55,social,1.0,25.02309071320408,0.6931508645639208,6.356115028703842
384,flto91,94,nonsocial,0.010820228234525407,50.0,5.725381491171334,16.42057628191867
385,flto91,90,nonsocial,0.1741065833278139,2.6596778560266365,6.929095593772761,18.82800448712152
386,flto91,28,nonsocial,0.006260733110493143,50.0,8.088718295654997,21.147249890885995
387,flto91,56,nonsocial,0.28883812700209077,5.148515017825491,5.188363058781802,15.346539417139606
388,flto91,81,social,1.0,1.3390036885588352,6.753378415572023,18.476570130720045
389,flto91,25,social,0.04693249626519129,50.0,4.300111747265159,13.570036794106318
390,flto91,79,social,1.0,1.5472409790671988,7.423065296497048,19.815943892570097
391,flto91,93,social,0.019114900384400106,50.0,6.282584835465275,17.53498297050655
392,pavi95,28,nonsocial,0.7556931051087084,1.7601502144467023,7.172139007059529,19.31409131369506
393,pavi95,44,nonsocial,0.0,1.0,8.317766166719343,21.605345633014686
394,pavi95,14,nonsocial,0.5839048985289333,1.372087274479066,7.342249044237996,19.654311388051994
395,pavi95,68,nonsocial,0.5564053873241561,3.8411448130673014,6.509209286281614,17.988231872139227
396,pavi95,57,social,0.001122754422874405,50.0,8.289782588101227,21.549378475778454
397,pavi95,83,social,0.0,1.0,8.317766166719343,21.605345633014686
398,pavi95,63,social,0.31101614726291965,1.0,8.150070403472078,21.269954106520157
399,pavi95,15,social,1.0,1.0502976367777177,7.437709772062287,19.845232843700575
400,clwe99,82,social,0.21600948726564237,50.0,0.7006317845661632,6.371076868708327
401,clwe99,60,social,1.0,1.417687982825368,7.001300091374571,18.97241348232514
402,clwe99,14,social,0.009219998798854902,50.0,6.214913667073695,17.39964063372339
403,clwe99,74,social,0.3193074123516577,50.0,0.6936943195768017,6.357201938729604
404,clwe99,57,nonsocial,0.05141798976497152,50.0,3.6023306042765517,12.174474508129105
405,clwe99,41,nonsocial,0.03608715711423886,50.0,2.213023209004832,9.395859717585665
406,clwe99,63,nonsocial,0.9687350498292435,50.0,2.240367078944563,9.450547457465127
407,clwe99,39,nonsocial,1.0,25.0,4.852037717253737,14.673888734083473
408,djlu96,70,social,0.02310287474675716,50.0,6.343583775341038,17.656980850258076
409,djlu96,60,social,0.0,1.0,8.317766166719343,21.605345633014686
410,djlu96,62,social,0.022547993875167312,50.0,3.6388224048077538,12.24745810919151
411,djlu96,32,social,0.24091360234410925,1.3322690518925833,7.836096511881285,20.64200632333857
412,djlu96,13,nonsocial,0.0,1.0,8.317766166719343,21.605345633014686
413,djlu96,63,nonsocial,1.0,2.336539989314634,4.223110147783108,13.416033595142217
414,djlu96,43,nonsocial,0.0,1.0,8.317766166719343,21.605345633014686
415,djlu96,65,nonsocial,0.0,1.0,8.317766166719343,21.605345633014686
416,chpo96,18,nonsocial,0.0,1.0,8.317766166719343,21.605345633014686
417,chpo96,20,nonsocial,1.0,2.8797560791056247,5.762091141063662,16.493995581703324
418,chpo96,26,nonsocial,1.0,1.0,7.60031281570933,20.17043893099466
419,chpo96,44,nonsocial,1.0,1.7328582481213202,5.8015805290518205,16.57297435767964
420,chpo96,71,social,1.0,3.9578548168824628,3.6540135666418747,12.277840432859751
421,chpo96,29,social,0.8880058722784093,2.4559105717632708,4.213373026809493,13.396559353194988
422,chpo96,37,social,0.9176000361445656,1.1046147912173032,7.174962518799057,19.319738337174115
423,chpo96,47,social,0.5722198707251602,5.2122822876481,5.264948626043843,15.499710551663686
424,brte95,46,social,0.0,1.0,8.317766166719343,21.605345633014686
425,brte95,70,social,0.0,1.0,8.317766166719343,21.605345633014686
426,brte95,98,social,0.002098042996127958,50.0,8.162188027915539,21.294189355407077
427,brte95,26,social,0.9280760648141538,2.2983805017512022,5.944594278259377,16.859001856094753
428,brte95,73,nonsocial,0.0,1.0,8.317766166719343,21.605345633014686
429,brte95,51,nonsocial,0.0,1.0,8.317766166719343,21.605345633014686
430,brte95,27,nonsocial,0.0,1.0,8.317766166719343,21.605345633014686
431,brte95,25,nonsocial,0.0028578877377381296,50.0,8.142076987011048,21.253967273598096
432,olka98,78,nonsocial,0.0,1.0,8.317766166719343,21.605345633014686
433,olka98,18,nonsocial,0.0,1.0,8.317766166719343,21.605345633014686
434,olka98,38,nonsocial,1.0,4.284272799388867,3.86173385721606,12.693281014008122
435,olka98,86,nonsocial,1.0,1.0,7.600312815709331,20.170438930994663
436,olka98,51,social,0.24115657201293297,5.388015876052839,4.7086364888460155,14.387086277268033
437,olka98,39,social,0.1423885952698418,1.0,8.151703116208184,21.273219531992368
438,olka98,41,social,0.0,1.0,8.317766166719343,21.605345633014686
439,olka98,87,social,0.02663357644002988,50.0,3.9285449617715344,12.82690322311907
440,mipe92,10,social,0.4858126345595573,2.436631447010446,7.2718223584216135,19.51345801641923
441,mipe92,74,social,0.0014801898758661303,50.0,8.26254451037179,21.49490232031958
442,mipe92,70,social,0.012068251923514722,50.0,6.084796326455267,17.139405952486534
443,mipe92,86,social,0.1464033422757296,1.0,8.288331582607155,21.54647646479031
444,mipe92,79,nonsocial,0.0186009804092807,50.0,4.056462870775154,13.08273904112631
445,mipe92,31,nonsocial,0.9834814186476816,50.0,1.9791601269771855,8.928133553530373
446,mipe92,73,nonsocial,0.011790710252547463,50.0,5.394503906238839,15.758821112053678
447,mipe92,19,nonsocial,0.011225228839529243,50.0,6.396649545410921,17.763112390397843
448,niuz81,82,nonsocial,0.0,1.0,8.317766166719343,21.605345633014686
449,niuz81,42,nonsocial,0.3022671463824454,3.9959846956604257,5.289301378427992,15.548416056431986
450,niuz81,58,nonsocial,0.6049001386392483,1.0,7.918494694737943,20.806802689051885
451,niuz81,86,nonsocial,0.16760512850440745,1.0,8.233924438076441,21.43766217572888
452,niuz81,89,social,0.0,1.0,8.317766166719343,21.605345633014686
453,niuz81,83,social,0.0,1.0,8.317766166719343,21.605345633014686
454,niuz81,71,social,0.5575864847769054,2.1614200464041167,6.648840134908118,18.267493569392236
455,niuz81,13,social,0.0,1.0,8.317766166719343,21.605345633014686
456,guek86,10,nonsocial,0.009767773859892723,50.0,6.809260283092029,18.58833386576006
457,guek86,28,nonsocial,0.03069479140146471,50.0,3.1689468653610633,11.307707030298127
458,guek86,16,nonsocial,0.01591228962454588,50.0,5.217190849120498,15.404194997816997
459,guek86,68,nonsocial,0.0,1.0,8.317766166719343,21.605345633014686
460,guek86,21,social,0.39806485465882635,2.9724236775178956,6.409590919091495,17.78899513775899
461,guek86,83,social,1.0,1.5932627554798549,7.049470331883413,19.068753963342825
462,guek86,39,social,0.20565615012565416,9.687840432221279,4.588433629654766,14.146680558885532
463,guek86,75,social,0.0,1.0,8.317766166719343,21.605345633014686
464,jame99,52,social,0.022063833834975184,50.0,4.666281051953323,14.302375403482646
465,jame99,68,social,0.8420783878455798,2.5017416170764095,4.201057740626403,13.371928780828807
466,jame99,36,social,1.0,1.8015294641947805,6.901107219772253,18.772027739120507
467,jame99,34,social,0.24122185438082677,50.0,0.7052640006299564,6.380341300835914
468,jame99,81,nonsocial,0.038925220881472496,50.0,6.971010999676271,18.911835298928544
469,jame99,11,nonsocial,1.0,3.7990312778676616,3.540088682593926,12.049990664763854
470,jame99,77,nonsocial,0.0,1.0,8.317766166719343,21.605345633014686
471,jame99,63,nonsocial,0.013656182286372175,50.0,6.043913115990577,17.057639531557154
472,gava97,76,social,1.0,3.7990312778676616,3.540088682593926,12.049990664763854
473,gava97,32,social,0.0053651545263158915,50.0,7.742044289466281,20.453901878508564
474,gava97,96,social,0.003561331727874536,50.0,7.970455049634636,20.910723398845274
475,gava97,30,social,0.004740909822600264,50.0,7.8613325582847855,20.692478416145573
476,gava97,21,nonsocial,0.9834814150247981,50.0,1.9791601180310625,8.928133535638125
477,gava97,31,nonsocial,1.0,3.6469240900844495,3.419446111601712,11.808705522779425
478,gava97,63,nonsocial,0.9837357511629042,50.0,2.6743343530344292,10.31848200564486
479,gava97,81,nonsocial,0.3136158641174945,2.3840037309395905,6.987800348692847,18.945413996961694
480,nedo99,82,social,1.0,25.02309071320408,0.6931508645639208,6.356115028703842
481,nedo99,40,social,0.08293812217539633,50.0,1.0794852467792388,7.128783793134478
482,nedo99,60,social,1.0,27.810908001550693,0.6931572343669876,6.356127768309976
483,nedo99,70,social,0.5425261723852791,3.060980267576485,4.519996877354369,14.009807054284739
484,nedo99,81,nonsocial,0.49995773755020034,50.0,0.6950837111391824,6.359980721854366
485,nedo99,63,nonsocial,0.2699710763805981,50.0,0.6953042321977794,6.3604217639715595
486,nedo99,99,nonsocial,0.19919962178359368,50.0,0.8098026959171031,6.589418691410207
487,nedo99,75,nonsocial,0.3193074123516577,50.0,0.6936943195768017,6.357201938729604
488,niuz81,82,nonsocial,0.0,1.0,8.317766166719343,21.605345633014686
489,niuz81,42,nonsocial,0.3022671463824454,3.9959846956604257,5.289301378427992,15.548416056431986
490,niuz81,58,nonsocial,0.6049001386392483,1.0,7.918494694737943,20.806802689051885
491,niuz81,86,nonsocial,0.16760512850440745,1.0,8.233924438076441,21.43766217572888
492,niuz81,89,social,0.0,1.0,8.317766166719343,21.605345633014686
493,niuz81,83,social,0.0,1.0,8.317766166719343,21.605345633014686
494,niuz81,71,social,0.5575864847769054,2.1614200464041167,6.648840134908118,18.267493569392236
495,niuz81,13,social,0.0,1.0,8.317766166719343,21.605345633014686
496,flto91,94,nonsocial,0.010820228234525407,50.0,5.725381491171334,16.42057628191867
497,flto91,90,nonsocial,0.1741065833278139,2.6596778560266365,6.929095593772761,18.82800448712152
498,flto91,28,nonsocial,0.006260733110493143,50.0,8.088718295654997,21.147249890885995
499,flto91,56,nonsocial,0.28883812700209077,5.148515017825491,5.188363058781802,15.346539417139606
500,flto91,81,social,1.0,1.3390036885588352,6.753378415572023,18.476570130720045
501,flto91,25,social,0.04693249626519129,50.0,4.300111747265159,13.570036794106318
502,flto91,79,social,1.0,1.5472409790671988,7.423065296497048,19.815943892570097
503,flto91,93,social,0.019114900384400106,50.0,6.282584835465275,17.53498297050655
504,hase90,38,nonsocial,1.0,1.9608863739694433,5.973735223491598,16.917283746559196
505,hase90,92,nonsocial,0.22512961754787797,1.1391119031699153,8.054207380932235,21.07822806144047
506,hase90,62,nonsocial,0.009683712537365613,50.0,7.083512633562207,19.136838566700415
507,hase90,98,nonsocial,0.01719733637696596,50.0,7.70370649552266,20.37722629062132
508,hase90,59,social,0.0,1.0,8.317766166719343,21.605345633014686
509,hase90,29,social,1.0,1.0,7.980198308751054,20.93020991707811
510,hase90,15,social,0.0,1.0,8.317766166719343,21.605345633014686
511,hase90,99,social,0.0,1.0,8.317766166719343,21.605345633014686
